titles,links
,https://www.amazon.com/-/dp/B083M6NZXF
,https://www.amazon.com/-/dp/B07B6N515P
,https://www.amazon.com/-/dp/B07NLY24L7
,https://www.amazon.com/-/dp/B083HTGJH5
,https://www.amazon.com/-/dp/B07B5WB5DW
,https://www.amazon.com/-/dp/B07CZGNKWL
,https://www.amazon.com/-/dp/B07CZGNKWL
,https://www.amazon.com/-/dp/B0823GP9T9
,https://www.amazon.com/-/dp/B07SH18H4G
,https://www.amazon.com/-/dp/B07T2FQ8DJ
,https://www.amazon.com/-/dp/B0844CC5HV
,https://www.amazon.com/-/dp/B07RHBGN9V
,https://www.amazon.com/-/dp/B07C6YVL61
,https://www.amazon.com/-/dp/B07SGC75F3
,https://www.amazon.com/-/dp/B07N1JK1P5
,https://www.amazon.com/-/dp/B0823DYBR7
,https://www.amazon.com/-/dp/B07R25K2DZ
,https://www.amazon.com/-/dp/B07KWKS9K9
,https://www.amazon.com/-/dp/B07DG2TGXB
,https://www.amazon.com/-/dp/B0823FDZ3C
,https://www.amazon.com/-/dp/B0823DPPSJ
,https://www.amazon.com/-/dp/B07DDCGPDB
,https://www.amazon.com/-/dp/B07RJ1ZRBK
,https://www.amazon.com/-/dp/B07DC8MVSS
,https://www.amazon.com/-/dp/B07DQV86JM
,https://www.amazon.com/-/dp/B07NSQWDQD
,https://www.amazon.com/-/dp/B07SR2SRR4
,https://www.amazon.com/-/dp/B07DG5ZQQN
,https://www.amazon.com/-/dp/B07RLQ1W1Z
,https://www.amazon.com/-/dp/B07QN9Y7HF
,https://www.amazon.com/-/dp/B07T42KHZF
,https://www.amazon.com/-/dp/B07CRF5QQH